 ,Symbol,Series,Date,Prev Close,Open Price,High Price,Low Price,Last Price,Close Price,Average Price,Total Traded Quantity,Turnover,No. of Trades,Deliverable Qty,% Dly Qt to Traded Qty,Year
0,MRF,EQ,31-May-16,33447.9,33575.85,33999.9,33301.1,33400.25,33774.45,33627.69,5849,196688371.8,3152,1966,33.61,2016
1,MRF,EQ,01-Jun-16,33774.45,33700,33879,33200,33200,33341.95,33540.67,2861,95959861.25,1677,1005,35.13,2016
2,MRF,EQ,02-Jun-16,33341.95,33305,33593,33101,33400,33425.6,33358.92,3930,131100573.1,2125,1498,38.12,2016
3,MRF,EQ,03-Jun-16,33425.6,33679.9,33679.9,33290,33295,33427.65,33483.14,3984,133396812.8,2283,1000,25.1,2016
4,MRF,EQ,06-Jun-16,33427.65,33500,33551.5,33150,33229.05,33262.4,33368.43,1426,47583375.55,871,313,21.95,2016
5,MRF,EQ,07-Jun-16,33262.4,33400,33456.7,32790,33000,33013.5,33187.22,3400,112836538,1831,1360,40,2016
6,MRF,EQ,08-Jun-16,33013.5,33319.9,33319.9,32523,32600,32612.25,32846.67,5160,169488815.9,2674,2572,49.84,2016
7,MRF,EQ,09-Jun-16,32612.25,32700,32799.95,32500,32525,32546.45,32613.7,2255,73543895.55,1225,787,34.9,2016
8,MRF,EQ,10-Jun-16,32546.45,32550,32640,32085,32275,32197.05,32347.63,4481,144949748.6,1848,1838,41.02,2016
9,MRF,EQ,13-Jun-16,32197.05,32000,32192.95,31901.65,31980,31982.65,32026.82,3867,123847705.4,1646,2348,60.72,2016
10,MRF,EQ,14-Jun-16,31982.65,32000,32300,31890,31920,31923.2,31992.35,3641,116484129.5,1674,1720,47.24,2016
11,MRF,EQ,15-Jun-16,31923.2,31985,32200,31550.55,31653.05,31663.65,31819.57,5612,178571413.5,2667,3441,61.32,2016
12,MRF,EQ,16-Jun-16,31663.65,31750,31825,31517,31560,31595.2,31648.14,5178,163874076.5,1879,3255,62.86,2016
13,MRF,EQ,17-Jun-16,31595.2,31750,31848,31251.05,31330.05,31332.25,31483.05,5243,165065651.7,2750,2714,51.76,2016
14,MRF,EQ,20-Jun-16,31332.25,31330,32350,31021,32215,32246.95,31807.1,9127,290303390.6,4700,3622,39.68,2016
15,MRF,EQ,21-Jun-16,32246.95,32378,32424,31702,31789.95,31844.9,32033.34,3800,121726691.8,2099,1314,34.58,2016
16,MRF,EQ,22-Jun-16,31844.9,31874.75,32150.95,31500,31690,31718.75,31787.96,4146,131792873.6,1993,1644,39.65,2016
17,MRF,EQ,23-Jun-16,31718.75,31740,31844.9,31500,31700.5,31676.9,31619.08,4284,135456149.5,1841,2223,51.89,2016
18,MRF,EQ,24-Jun-16,31676.9,31499,31500,30101,31250,31317.25,31088.29,5841,181586680.3,3020,2220,38.01,2016
19,MRF,EQ,27-Jun-16,31317.25,31340,31977.95,31144.2,31945.65,31870.95,31710.64,2856,90565584,1506,741,25.95,2016
20,MRF,EQ,28-Jun-16,31870.95,32200,33150,31900,32820.05,32941.9,32604.56,8766,285811535.9,3823,3343,38.14,2016
21,MRF,EQ,29-Jun-16,32941.9,33298,33673.55,32900,33400,33519.2,33277.08,15103,502583682.7,4902,9144,60.54,2016
22,MRF,EQ,30-Jun-16,33519.2,33740,33740,32850.95,32905.1,33077.65,33199.01,15793,524312006.3,6599,8898,56.34,2016
23,MRF,EQ,01-Jul-16,33077.65,33077.65,33900,33050,33600,33656.65,33604.3,7303,245412234.5,3322,2981,40.82,2016
24,MRF,EQ,04-Jul-16,33656.65,33699,35229,33699,35225,35146.6,34746.92,15055,523114846.3,6962,5669,37.66,2016
25,MRF,EQ,05-Jul-16,35146.6,35000.1,35199.9,34501,34800,34746.2,34814.06,10171,354093787.3,4395,5549,54.56,2016
26,MRF,EQ,07-Jul-16,34746.2,34944.9,35400,34826.4,35400,35231.25,35200.03,7606,267731398.2,3185,3958,52.04,2016
27,MRF,EQ,08-Jul-16,35231.25,35231,35470,35000,35201,35391.1,35298.12,6312,222801747.5,2795,3464,54.88,2016
28,MRF,EQ,11-Jul-16,35391.1,35502.7,35840.05,35190.9,35280,35292.75,35475.3,4305,152721161.4,1881,1659,38.54,2016
29,MRF,EQ,12-Jul-16,35292.75,35350,35680,35174,35174,35238.25,35436.55,5404,191499107,2924,2231,41.28,2016
30,MRF,EQ,13-Jul-16,35238.25,35370,35499.95,34300,34399,34490.05,34645.26,7764,268985805.9,3957,3377,43.5,2016
31,MRF,EQ,14-Jul-16,34490.05,34510,34990,34092.5,34570,34567.3,34624.07,5128,177552229.8,2911,2150,41.93,2016
32,MRF,EQ,15-Jul-16,34567.3,34650,34828,34140,34200,34221.85,34364.87,3995,137287636.3,1810,2331,58.35,2016
33,MRF,EQ,18-Jul-16,34221.85,34350,34700,34154.25,34600,34599.15,34523.97,8115,280162005.4,4297,4466,55.03,2016
34,MRF,EQ,19-Jul-16,34599.15,34599,34940,34352.05,34900,34829.5,34748.77,3656,127041510.5,2154,1444,39.5,2016
35,MRF,EQ,20-Jul-16,34829.5,35000,35374.8,34810.05,35306,35317.55,35246.24,3785,133407017.3,1855,1436,37.94,2016
36,MRF,EQ,21-Jul-16,35317.55,35317.55,35425,34111,34350,34389.3,34646.61,5538,191872900.3,2903,1983,35.81,2016
37,MRF,EQ,22-Jul-16,34389.3,34689.8,34689.8,34052.05,34250,34153.6,34294.02,5259,180352245.3,2645,1983,37.71,2016
38,MRF,EQ,25-Jul-16,34153.6,34425,35084.1,34220.05,34859,34668.05,34712.16,6166,214035186.9,2922,2937,47.63,2016
39,MRF,EQ,26-Jul-16,34668.05,34898.9,34923.9,33628,33790,33862.5,34298.35,4821,165352323.9,2857,2141,44.41,2016
40,MRF,EQ,27-Jul-16,33862.5,33990,34400,33738.95,34099,34026.1,34024.11,4308,146575881.1,2311,889,20.64,2016
41,MRF,EQ,28-Jul-16,34026.1,34250,34422.25,33900,33920,34053.9,34171.72,3769,128793206.9,1638,1827,48.47,2016
42,MRF,EQ,29-Jul-16,34053.9,34088.1,34088.1,33700,33805.1,33844.15,33839.56,4274,144630285.5,1523,2254,52.74,2016
43,MRF,EQ,01-Aug-16,33844.15,33960,34449,33650,33751,33799.15,33893.41,9334,316361126.7,2471,6391,68.47,2016
44,MRF,EQ,02-Aug-16,33799.15,33751,34189.25,33750.95,33990,33922.45,33936.31,9366,317847473.5,4500,6085,64.97,2016
45,MRF,EQ,03-Aug-16,33922.45,34001,34935,33760,34701,34605.85,34521.33,10148,350322447,4248,4313,42.5,2016
46,MRF,EQ,04-Aug-16,34605.85,34935,35560,34550.05,35560,35315.4,35105.9,8309,291694952.2,3926,2817,33.9,2016
47,MRF,EQ,05-Aug-16,35315.4,35325.5,37490,35325.5,37077,37068.2,36836,28926,1065518201,12037,11447,39.57,2016
48,MRF,EQ,08-Aug-16,37068.2,37340,37540,36921.45,37050,37092.45,37255.28,8740,325611162.2,3919,3331,38.11,2016
49,MRF,EQ,09-Aug-16,37092.45,37092.45,37250,36001,36801,36902.45,36789.79,8284,304766592.5,3778,2076,25.06,2016
50,MRF,EQ,10-Aug-16,36902.45,37000,37099.95,36001.05,36306.05,36716.85,36475.83,9823,358302075.5,3834,3736,38.03,2016
51,MRF,EQ,11-Aug-16,36716.85,36410,37300,36000,36000,36660.75,36855.77,14507,534666591.6,5671,5093,35.11,2016
52,MRF,EQ,12-Aug-16,36660.75,36210,36871.85,35999.7,36099.9,36129.25,36344.14,7954,289081323.1,3506,2177,27.37,2016
53,MRF,EQ,16-Aug-16,36129.25,36000,36490.5,36000,36150,36126.3,36243.37,4491,162768976.3,2246,1614,35.94,2016
54,MRF,EQ,17-Aug-16,36126.3,36015,36907.5,36015,36480,36525.05,36544.74,5045,184368197.5,2779,1547,30.66,2016
55,MRF,EQ,18-Aug-16,36525.05,36526.75,36827.95,36306,36582.2,36553.95,36616.3,6253,228961710.3,3204,3099,49.56,2016
56,MRF,EQ,19-Aug-16,36553.95,36553,36800,36012,36047,36110.1,36291.45,5577,202397396,3002,2087,37.42,2016
57,MRF,EQ,22-Aug-16,36110.1,36299,36299.9,35299.95,35360.05,35485.6,35712.92,6810,243204973,3120,3577,52.53,2016
58,MRF,EQ,23-Aug-16,35485.6,35485.6,35849.95,35323.3,35745,35744.25,35596.26,8437,300325650.6,3097,5211,61.76,2016
59,MRF,EQ,24-Aug-16,35744.25,35770,36490,35700,36350,36300.3,36060.2,10758,387935600.7,4364,5901,54.85,2016
60,MRF,EQ,25-Aug-16,36300.3,36303,36800,36200,36350.05,36458.85,36433.54,10211,372022921.4,4716,4672,45.75,2016
61,MRF,EQ,26-Aug-16,36458.85,36500,36863.35,36212,36265.05,36339.7,36407.74,8695,316565326.2,3839,4695,54,2016
62,MRF,EQ,29-Aug-16,36339.7,36400,37590.1,36400,37560,37471.65,37107.41,15241,565554070.4,6766,4783,31.38,2016
63,MRF,EQ,30-Aug-16,37471.65,37390,38087.95,37288.25,37580,37591.45,37714.42,13204,497981243.5,5355,3225,24.42,2016
64,MRF,EQ,31-Aug-16,37591.45,37988.95,37988.95,37310.6,37331,37431.8,37597.03,6960,261675297.3,3783,2211,31.77,2016
65,MRF,EQ,01-Sep-16,37431.8,37750,37850,37099.5,37101,37231.85,37514.36,5262,197400538.9,2925,1115,21.19,2016
66,MRF,EQ,02-Sep-16,37231.85,37390,39000,37235,38901,38852.55,38367.05,21168,812153676.4,10057,5465,25.82,2016
67,MRF,EQ,06-Sep-16,38852.55,39000,39732.5,38903,39500,39535.8,39447.11,14428,569142859.7,5674,4870,33.75,2016
68,MRF,EQ,07-Sep-16,39535.8,39889.9,40337,39550,39835,39893.6,39957.59,16406,655544208.5,6412,5763,35.13,2016
69,MRF,EQ,08-Sep-16,39893.6,39880,40380,39627.1,40020,40035.8,40033.76,9369,375076280.3,4753,3611,38.54,2016
70,MRF,EQ,09-Sep-16,40035.8,40000,40549.85,39826.8,40200,40201.5,40255.95,13878,558672072.4,5341,6175,44.49,2016
71,MRF,EQ,12-Sep-16,40201.5,39950,39950,38695.75,39100,39100.2,39110.74,16133,630973576.1,6865,9567,59.3,2016
72,MRF,EQ,14-Sep-16,39100.2,39110,41000,39100,40915,40722.85,40220.31,17913,720466430.8,7929,4509,25.17,2016
73,MRF,EQ,15-Sep-16,40722.85,40825,41874.7,40825,40912,41124,41480.71,18371,762042073,7283,5890,32.06,2016
74,MRF,EQ,16-Sep-16,41124,41350,41719.95,40200,40500,40507.8,41021.04,18045,740224605.8,7342,6576,36.44,2016
75,MRF,EQ,19-Sep-16,40507.8,40555,43270,40520.05,43231,43101.65,42333.15,35959,1522257617,15488,9945,27.66,2016
76,MRF,EQ,20-Sep-16,43101.65,43350,43921,42900,43600,43620.5,43452.99,33084,1437598699,14895,10072,30.44,2016
77,MRF,EQ,21-Sep-16,43620.5,43450,44300,43406.9,43740,43806.65,43848.22,21206,929845328.4,8971,5970,28.15,2016
78,MRF,EQ,22-Sep-16,43806.65,44449,44499,43835.5,44380,44375.85,44176.72,15927,703602613.7,7889,4103,25.76,2016
79,MRF,EQ,23-Sep-16,44375.85,44800,46471.75,44114,45950,45841.3,45465.04,38540,1752222503,17437,8702,22.58,2016
80,MRF,EQ,26-Sep-16,45841.3,45799.95,46349,45458,45712,45715.45,45831.09,18111,830046908.4,7281,6090,33.63,2016
81,MRF,EQ,27-Sep-16,45715.45,45759,46917.85,45759,46600,46562.4,46481.62,16890,785074581.2,7538,3953,23.4,2016
82,MRF,EQ,28-Sep-16,46562.4,46899.8,50190,46710,49955,49753.35,48848.63,64713,3161141669,29676,15557,24.04,2016
83,MRF,EQ,29-Sep-16,49753.35,50300,51515.45,47860.3,48750,48605.6,50218.81,76122,3822756400,33348,16274,21.38,2016
84,MRF,EQ,30-Sep-16,48605.6,48750,51150,48750,51100.05,50872.55,50173.55,33197,1665611244,16083,5043,15.19,2016
85,MRF,EQ,03-Oct-16,50872.55,51810,52444,51251.45,51765,51894.9,51873.62,25479,1321687965,11576,3171,12.45,2016
86,MRF,EQ,04-Oct-16,51894.9,52200,52499,50906.1,51620,51226.85,51513.13,19591,1009193710,8926,2852,14.56,2016
87,MRF,EQ,05-Oct-16,51226.85,51677,53899,51200,53711,53693.8,52959.42,42292,2239759860,19608,6178,14.61,2016
88,MRF,EQ,06-Oct-16,53693.8,54000,54650,53305.7,53980,53892.8,54051.16,34564,1868224170,16247,4594,13.29,2016
89,MRF,EQ,07-Oct-16,53892.8,54530,54530,53065,53400,53471.9,53653.26,18743,1005623127,9094,4327,23.09,2016
90,MRF,EQ,10-Oct-16,53471.9,53550,54087.15,52710.15,53170,53034,53495.11,12551,671417150.9,5517,2830,22.55,2016
91,MRF,EQ,13-Oct-16,53034,53089.9,53740,52600.2,53160,53371.3,53153.41,24543,1304544138,11925,5091,20.74,2016
92,MRF,EQ,14-Oct-16,53371.3,53310,53550,52201,52300,52449,52841.12,14336,757530350.3,6023,3183,22.2,2016
93,MRF,EQ,17-Oct-16,52449,52549.8,52600,49749.05,49749.1,49873.05,50797.77,19866,1009148430,10383,4722,23.77,2016
94,MRF,EQ,18-Oct-16,49873.05,50290,51777,48751,51505,51627.6,50083.92,39429,1974758998,19958,9929,25.18,2016
95,MRF,EQ,19-Oct-16,51627.6,51625,51777,50380,50450,50518.4,50844.69,23916,1216001648,7929,9910,41.44,2016
96,MRF,EQ,20-Oct-16,50518.4,50650,51502.05,49530,49850.05,49770.05,50473.46,22521,1136712839,11720,6601,29.31,2016
97,MRF,EQ,21-Oct-16,49770.05,50187.9,51100,49728.55,50350.1,50438.25,50313.48,22623,1138241846,9578,5586,24.69,2016
98,MRF,EQ,24-Oct-16,50438.25,50603,50929,49801,50050,49949.85,50274.65,8325,418536464.9,4524,1337,16.06,2016
99,MRF,EQ,25-Oct-16,49949.85,50059,50300,49710,50100,50100.05,50060.45,9424,471769727.3,4840,2162,22.94,2016
100,MRF,EQ,26-Oct-16,50100.05,50080,50771,49236.85,49400,49638.55,50188.03,15490,777412535.6,7407,3895,25.15,2016
101,MRF,EQ,27-Oct-16,49638.55,49800,50094.5,46199.95,46419,46403.6,47743.35,37965,1812576372,19509,7545,19.87,2016
102,MRF,EQ,28-Oct-16,46403.6,46402,48190,46402,48180,47955.55,47543.96,24430,1161498990,14069,6929,28.36,2016
103,MRF,EQ,30-Oct-16,47955.55,48338,48597.9,47610.15,47799.8,47958.95,48164.54,3712,178786759,1757,1220,32.87,2016
104,MRF,EQ,01-Nov-16,47958.95,48288,50443,48001.05,49900,50095.45,49474.92,30014,1484940167,12062,12365,41.2,2016
105,MRF,EQ,02-Nov-16,50095.45,49500,50239.55,48857.1,49420.05,49569.1,49562.31,22450,1112673751,12104,5358,23.87,2016
106,MRF,EQ,03-Nov-16,49569.1,49300,50777,49132.9,50205.1,50264.3,50316.15,19387,975479157.2,9630,3928,20.26,2016
107,MRF,EQ,04-Nov-16,50264.3,50449,50899,49551,50400.05,50179.7,50226.2,22877,1149024667,11980,7235,31.63,2016
108,MRF,EQ,07-Nov-16,50179.7,50800,51000,50350,50655.1,50851.95,50827.74,11676,593464727.5,6113,2770,23.72,2016
109,MRF,EQ,08-Nov-16,50851.95,51000,52400,50359.5,52200,52046.7,51412.9,18329,942347046.7,9225,4907,26.77,2016
110,MRF,EQ,09-Nov-16,52046.7,48200,52824,47000,52750,52166.55,50299.54,27056,1360904239,12998,4680,17.3,2016
111,MRF,EQ,10-Nov-16,52166.55,52600,53940,52600,53600,53515.45,53510.3,13832,740154412.4,7766,2996,21.66,2016
112,MRF,EQ,11-Nov-16,53515.45,53149.1,53357.9,52010.4,52590,52576.9,52804.55,15517,819368257.2,8618,6040,38.93,2016
113,MRF,EQ,15-Nov-16,52576.9,52540,53050,49768.2,49901,50108.3,51086.09,24843,1269131710,13214,10103,40.67,2016
114,MRF,EQ,16-Nov-16,50108.3,51004.9,51700,50360,50401.05,50548.45,50973.98,13312,678565556.6,8017,3233,24.29,2016
115,MRF,EQ,17-Nov-16,50548.45,50712,51250,49501.2,49781,49876.9,50123.61,11124,557574983,6376,1072,9.64,2016
116,MRF,EQ,18-Nov-16,49876.9,49800,50078.5,48889.8,49100.05,49080.5,49411.02,14112,697288361.6,9400,5456,38.66,2016
117,MRF,EQ,21-Nov-16,49080.5,49109,49500,46501,46625,46672.35,47714.34,13855,661082211.7,7024,3599,25.98,2016
118,MRF,EQ,22-Nov-16,46672.35,46860,47467.75,46451,47000,46947.2,46871.5,16524,774504603,9613,4170,25.24,2016
119,MRF,EQ,23-Nov-16,46947.2,47490,48189.6,46560,47250,47513.75,47329.9,14321,677811486.5,7085,2538,17.72,2016
120,MRF,EQ,24-Nov-16,47513.75,47474,47877,46832.05,47145.05,47214.75,47316.51,9048,428119770.3,4954,1887,20.86,2016
121,MRF,EQ,25-Nov-16,47214.75,47544,47775.2,47112,47130,47270.5,47423.55,7607,360750980.7,3722,1347,17.71,2016
122,MRF,EQ,28-Nov-16,47270.5,47399,48460,47250,47520.05,47574.05,47852.27,8314,397843757.2,4654,1251,15.05,2016
123,MRF,EQ,29-Nov-16,47574.05,47720,49498,47720,49350,49118.95,48610.8,13814,671509548.4,7665,3544,25.66,2016
124,MRF,EQ,30-Nov-16,49118.95,50000,50595.2,49500,49800,49900.1,50061.24,35735,1788938508,15193,21620,60.5,2016
125,MRF,EQ,01-Dec-16,49900.1,50799.95,50799.95,48684.5,48790,48883.3,49369.9,15416,761086316.6,9300,5087,33,2016
126,MRF,EQ,02-Dec-16,48883.3,48790,49340,48280,48852,48841.6,48805.15,11376,555207424.4,7792,3976,34.95,2016
127,MRF,EQ,05-Dec-16,48841.6,48401.1,50722.3,48401.1,50639,50469.3,49938.33,16302,814094600.8,9908,5873,36.03,2016
128,MRF,EQ,06-Dec-16,50469.3,50639,51074.55,49861.05,50250.5,50304.7,50652,13166,666884227.5,6186,3239,24.6,2016
129,MRF,EQ,07-Dec-16,50304.7,50399,50705.3,49810,50350,50147.8,50297.53,8158,410327260.6,4759,2438,29.88,2016
130,MRF,EQ,08-Dec-16,50147.8,50401,51669,50401,51640,51416.55,51242.79,10465,536255774.8,6115,4166,39.81,2016
131,MRF,EQ,09-Dec-16,51416.55,51656,53448,51286.4,53300,53033.5,52355.64,17815,932715800.8,10039,5207,29.23,2016
132,MRF,EQ,12-Dec-16,53033.5,52701,52996.8,52001,52104.95,52235,52455.68,8233,431867619.2,5111,2595,31.52,2016
133,MRF,EQ,13-Dec-16,52235,52549,53350,52320,52650,52424.2,52708.34,11944,629548366.4,6817,3562,29.82,2016
134,MRF,EQ,14-Dec-16,52424.2,52216,52999,52216,52800,52759.7,52638.43,7681,404315808.6,4358,1976,25.73,2016
135,MRF,EQ,15-Dec-16,52759.7,53000,53270,52400,52457,52613.4,52837.75,14182,749345041.4,7004,4774,33.66,2016
136,MRF,EQ,16-Dec-16,52613.4,52920,52996.9,51980.3,52055.2,52154.7,52374.17,13605,712550649.3,6934,6092,44.78,2016
137,MRF,EQ,19-Dec-16,52154.7,52387,52387,51431,51432.05,51561.55,51798.59,4267,221024581.2,2543,1371,32.13,2016
138,MRF,EQ,20-Dec-16,51561.55,51434,51923.95,49680,49750,49825.3,50615.75,12476,631482067.6,7259,4474,35.86,2016
139,MRF,EQ,21-Dec-16,49825.3,50188,50188,48800,48915,48855.15,49078.74,11398,559399511.8,7716,3574,31.36,2016
140,MRF,EQ,22-Dec-16,48855.15,48797.7,49249,48055.2,48186.15,48234.65,48422.3,9556,462723521.2,5695,2782,29.11,2016
141,MRF,EQ,23-Dec-16,48234.65,48370,49685,47968.15,49050,48996.5,48985.66,10845,531249536.4,7074,2457,22.66,2016
142,MRF,EQ,26-Dec-16,48996.5,48998.8,49005.05,48000,48310.05,48319.45,48351.15,6624,320278050,3879,1309,19.76,2016
143,MRF,EQ,27-Dec-16,48319.45,48556.8,48840,47512.3,48570.05,48692.95,48321.81,10685,516318488.2,6008,1615,15.11,2016
144,MRF,EQ,28-Dec-16,48692.95,48998.95,49089.95,48356.45,48415,48485.95,48760.14,5321,259452681.7,3412,1198,22.51,2016
145,MRF,EQ,29-Dec-16,48485.95,48350,48980,48350,48850,48893.8,48810.94,9163,447254634.1,4716,4572,49.9,2016
146,MRF,EQ,30-Dec-16,48893.8,49100,49300,48500,48725,48905.65,49070.41,7871,386233183.8,4119,2918,37.07,2016
147,MRF,EQ,02-Jan-17,48905.65,49000,49304.95,48799.75,48956,49084.4,49075.99,8367,410618787.4,3323,3461,41.36,2017
148,MRF,EQ,03-Jan-17,49084.4,49388.9,50500,49101.25,50450,50391.45,50078.3,9526,477045845.3,4889,2103,22.08,2017
149,MRF,EQ,04-Jan-17,50391.45,50679.8,50769.75,50181.6,50250.05,50386.1,50475.69,7045,355601247.3,4754,2217,31.47,2017
150,MRF,EQ,05-Jan-17,50386.1,50698.65,51990,50550.05,51900,51710.65,51243.35,8444,432698810.1,5072,2782,32.95,2017
151,MRF,EQ,06-Jan-17,51710.65,52000,52686.5,51125,51490,51579.2,51877.01,14670,761035726.8,8251,5143,35.06,2017
152,MRF,EQ,09-Jan-17,51579.2,51579.2,51797,50825.7,51028,51349.15,51215.34,5351,274053277.9,3030,1755,32.8,2017
153,MRF,EQ,10-Jan-17,51349.15,51649.9,53666,49808.7,53666,53025.05,52356.81,14460,757079522.7,7246,5158,35.67,2017
154,MRF,EQ,11-Jan-17,53025.05,53699,55554.45,53400.05,55449,55400,54614.78,35021,1912664081,17178,8563,24.45,2017
155,MRF,EQ,12-Jan-17,55400,55530.1,55945,54625.05,54916.05,55011.6,55247.65,18119,1001032260,9877,3947,21.78,2017
156,MRF,EQ,13-Jan-17,55011.6,55098.85,55298.95,52890,53195,53359.6,53735.69,22090,1187021311,10794,7195,32.57,2017
157,MRF,EQ,16-Jan-17,53359.6,53299,53857.55,52559.85,53050,53092.05,53224.62,13559,721672651.2,7715,2494,18.39,2017
158,MRF,EQ,17-Jan-17,53092.05,53050,54380.6,53050,53560,53678.8,53898.14,15203,819413453,7368,4132,27.18,2017
159,MRF,EQ,18-Jan-17,53678.8,53800,54100,52802,52810,53006.9,53444.54,9948,531666299.6,5414,2983,29.99,2017
160,MRF,EQ,19-Jan-17,53006.9,53000,53046.05,51814.5,51900,51992.2,52144.62,13607,709531897.6,6373,4876,35.83,2017
161,MRF,EQ,20-Jan-17,51992.2,51890,52549.95,51400,51525.7,51668.9,51958.77,9801,509247933.2,5239,2195,22.4,2017
162,MRF,EQ,23-Jan-17,51668.9,51668,52840,51668,52400,52351.7,52400.96,23689,1241326338,6360,14941,63.07,2017
163,MRF,EQ,24-Jan-17,52351.7,52679.35,52879.95,52210.05,52388.3,52466.4,52531.81,7489,393410718.6,4520,2240,29.91,2017
164,MRF,EQ,25-Jan-17,52466.4,52699,53180,52000,52999,53066.7,52632.89,8561,450590162.2,4687,2301,26.88,2017
165,MRF,EQ,27-Jan-17,53066.7,53080,53633,53080,53152,53339.2,53327.42,6477,345401684.6,3648,1443,22.28,2017
166,MRF,EQ,30-Jan-17,53339.2,53440,53440,51801.15,51998,51929.9,52222.81,12036,628553735.9,4542,5787,48.08,2017
167,MRF,EQ,31-Jan-17,51929.9,51998,52140,51000,51355,51659.5,51594.76,12635,651899852.3,6416,2930,23.19,2017
168,MRF,EQ,01-Feb-17,51659.5,51401,52840,51401,52416,52585.1,52270.05,11729,613075463.2,6232,3050,26,2017
169,MRF,EQ,02-Feb-17,52585.1,52600,52740,51351,51650,51590.9,51755.32,10660,551711699.5,5971,3860,36.21,2017
170,MRF,EQ,03-Feb-17,51590.9,51681.8,52654.15,50050.15,51050.1,51059.45,51181.53,39215,2007083509,18733,8197,20.9,2017
171,MRF,EQ,06-Feb-17,51059.45,51684.8,51684.8,50097.3,50200,50240.05,50757.2,17664,896575234.2,6624,9726,55.06,2017
172,MRF,EQ,07-Feb-17,50240.05,50690,51040,49759.65,50499.95,50434.75,50448.19,21900,1104815342,9788,9707,44.32,2017
173,MRF,EQ,08-Feb-17,50434.75,50666,51799.95,50350,51505.1,51604.45,51124.38,13393,684708881.8,6721,3910,29.19,2017
174,MRF,EQ,09-Feb-17,51604.45,51750,51985,51250,51702.55,51685.7,51674.29,7391,381924677.8,4816,2645,35.79,2017
175,MRF,EQ,10-Feb-17,51685.7,51850,51879.3,51310,51320,51472.35,51578.05,4384,226118155.5,3023,1211,27.62,2017
176,MRF,EQ,13-Feb-17,51472.35,51551.15,51680.3,50660.05,50843.8,50827.25,51064.03,5749,293567125.5,3726,1674,29.12,2017
177,MRF,EQ,14-Feb-17,50827.25,51020,51630.55,50010,50155,50195.2,50445.25,5866,295911844,3944,2407,41.03,2017
178,MRF,EQ,15-Feb-17,50195.2,50200.05,50582,49935.6,49950,49997.15,50187.47,8012,402102032.7,4725,2286,28.53,2017
179,MRF,EQ,16-Feb-17,49997.15,50180,50858,49600,50500,50538.05,50220.31,16212,814171587.5,8259,6001,37.02,2017
180,MRF,EQ,17-Feb-17,50538.05,50780,50900,50001.05,50030,50102.2,50403.69,10380,523190274.1,6366,3819,36.79,2017
181,MRF,EQ,20-Feb-17,50102.2,50100,50595,49950,50478.7,50414.75,50375.5,4347,218982295.4,2594,1315,30.25,2017
182,MRF,EQ,21-Feb-17,50414.75,50451,50679.35,50100,50155,50195.4,50398.54,4084,205827621.6,2255,957,23.43,2017
183,MRF,EQ,22-Feb-17,50195.4,50399.95,50600,49577,49650,49767.85,50068.38,13002,650989021.3,7496,5145,39.57,2017
184,MRF,EQ,23-Feb-17,49767.85,49900,51700,49714.75,51500,51499.05,50819.04,22055,1120814024,10370,7890,35.77,2017
185,MRF,EQ,27-Feb-17,51499.05,51650,52029.95,50700,51320,51437.15,51555.46,13966,720023575.9,7946,4919,35.22,2017
186,MRF,EQ,28-Feb-17,51437.15,51437.25,52529.9,51370.05,51741.1,51835.05,52041.34,14966,778850621.2,6869,6283,41.98,2017
187,MRF,EQ,01-Mar-17,51835.05,51999,53150,51999,52875.25,52819.4,52812.02,13943,736357985.9,6154,2947,21.14,2017
188,MRF,EQ,02-Mar-17,52819.4,53185,53362.5,51845,52000,51951.6,52520.94,8861,465388052.6,4438,3141,35.45,2017
189,MRF,EQ,03-Mar-17,51951.6,52300,52630,51713.45,52399,52072.85,52171.86,12544,654443865.5,5735,3898,31.07,2017
190,MRF,EQ,06-Mar-17,52072.85,52398,52500,51951.05,52281,52375.55,52298.97,7600,397472199.8,3854,3027,39.83,2017
191,MRF,EQ,07-Mar-17,52375.55,52282,52565.85,51953.2,52210,52167.9,52186.49,6731,351267276.6,3191,2295,34.1,2017
192,MRF,EQ,08-Mar-17,52167.9,52260,52372.1,51086.7,51500,51527.8,51675.74,9537,492831575,5117,3786,39.7,2017
193,MRF,EQ,09-Mar-17,51527.8,51500,52366.65,51205,51950,52031.35,52045.33,12197,634796919.4,5892,6325,51.86,2017
194,MRF,EQ,10-Mar-17,52031.35,52366,52450,51950,52250,52220.3,52241.62,9186,479891489.7,3902,5187,56.47,2017
195,MRF,EQ,14-Mar-17,52220.3,52750,53427.95,52100,53189.95,52983.9,52868.11,18744,990959823.1,9481,8123,43.34,2017
196,MRF,EQ,15-Mar-17,52983.9,53381.25,57984,53291.25,57100,56836.6,56096.42,82609,4634069211,35887,25426,30.78,2017
197,MRF,EQ,16-Mar-17,56836.6,57300,57448.95,56200,56260,56425.55,56716.17,15441,875754448.6,7992,4665,30.21,2017
198,MRF,EQ,17-Mar-17,56425.55,56400,56700,54967.65,55352,55427.85,55648.67,43538,2422831813,15278,24649,56.61,2017
199,MRF,EQ,20-Mar-17,55427.85,56305,57090.65,55801,56105,56019.35,56304.37,23491,1322645963,9548,11301,48.11,2017
200,MRF,EQ,21-Mar-17,56019.35,56500,58300,55854.3,58200.05,58045.15,57313.83,28250,1619115754,12557,8921,31.58,2017
201,MRF,EQ,22-Mar-17,58045.15,57600,58450,57500,57751.15,57849.2,57945.95,20754,1202610230,10929,4528,21.82,2017
202,MRF,EQ,23-Mar-17,57849.2,58000,59684.35,57601,59260,59507.1,58851.01,36778,2164422347,16270,10160,27.63,2017
203,MRF,EQ,24-Mar-17,59507.1,59499.9,59650,59001,59251,59308.8,59320.57,19247,1141743037,9242,8457,43.94,2017
204,MRF,EQ,27-Mar-17,59308.8,59499,60145,59125.2,59760,59888.5,59745.77,20169,1205012442,11317,5569,27.61,2017
205,MRF,EQ,28-Mar-17,59888.5,59855.45,60300,57947.4,58425.55,58315.35,59173.46,19851,1174652405,11226,6512,32.8,2017
206,MRF,EQ,29-Mar-17,58315.35,58499.95,59790.8,57801,59690,59578.45,59006.33,24086,1421226384,11650,7775,32.28,2017
207,MRF,BL,30-Mar-17,2816.6,59300,59300,59300,59300,59300,59300,1800,106740000,1,1800,100,2017
208,MRF,EQ,30-Mar-17,59578.45,59125,60200,59125,59950,59823.65,59722.05,19147,1143498075,9363,6235,32.56,2017
209,MRF,EQ,31-Mar-17,59823.65,59550,61220,59550,61160,60954.45,60443.92,24685,1492058069,13815,9619,38.97,2017
210,MRF,EQ,03-Apr-17,60954.45,60935,61386.7,60240,60925,60993.55,61006.25,14263,870132140.4,8444,4455,31.23,2017
211,MRF,EQ,05-Apr-17,60993.55,60993.55,61271.75,60372,60551,60685.45,60840.5,12463,758255133.9,6573,4768,38.26,2017
212,MRF,EQ,06-Apr-17,60685.45,60552,61399,60211,61001,61104.85,60854.08,18995,1155923318,10295,6440,33.9,2017
213,MRF,EQ,07-Apr-17,61104.85,60655,61780,60601.1,60900,61036.15,61323.77,14389,882387722.3,8477,4398,30.57,2017
214,MRF,EQ,10-Apr-17,61036.15,61195.7,61382.95,60620,60900,60767.45,61004.05,7631,465521921.6,4559,1659,21.74,2017
215,MRF,EQ,11-Apr-17,60767.45,61179,62200,60901,62000,62063.4,61739.47,17051,1052719770,9536,3668,21.51,2017
216,MRF,EQ,12-Apr-17,62063.4,62010,62199.95,60062.4,60420,60527.1,60804.68,20550,1249536154,10782,7005,34.09,2017
217,MRF,EQ,13-Apr-17,60527.1,60530.85,61200,60300,60305.05,60566.55,60859.16,10623,646506834.9,5498,3147,29.62,2017
218,MRF,EQ,17-Apr-17,60566.55,60720,62158,60311.4,61950,61948.55,61477.14,21463,1319483849,8935,9528,44.39,2017
219,MRF,EQ,18-Apr-17,61948.55,61950,63099,61600.05,62598.75,62596.1,62559.32,23539,1472583817,10437,8322,35.35,2017
220,MRF,EQ,19-Apr-17,62596.1,62350,63300,62150.05,63100,63089.25,62920.69,12089,760648166.2,6476,1885,15.59,2017
221,MRF,EQ,20-Apr-17,63089.25,63005,63610,62751.1,63250,63500.8,63251.05,12427,786020772.1,6574,2362,19.01,2017
222,MRF,EQ,21-Apr-17,63500.8,63325,63698,63016.85,63380,63283.7,63363.51,9607,608733201.4,5097,2392,24.9,2017
223,MRF,EQ,24-Apr-17,63283.7,63120,64200,63110,64199.9,63995.35,63721.94,12079,769697256.8,5351,4327,35.82,2017
224,MRF,EQ,25-Apr-17,63995.35,64200,66755.55,63880,66486.95,66566.25,65457.96,28579,1870723165,13484,8851,30.97,2017
225,MRF,EQ,26-Apr-17,66566.25,66500,69848.75,66486.95,68720,68850.55,68457.15,43642,2987607085,23264,4810,11.02,2017
226,MRF,EQ,27-Apr-17,68850.55,69200,70500,68000,68112,68495.6,69455.07,50104,3479976924,20198,17375,34.68,2017
227,MRF,EQ,28-Apr-17,68495.6,68858.5,69000,67706,67750,67909.2,68209.43,17996,1227496952,10738,2765,15.36,2017
228,MRF,EQ,02-May-17,67909.2,68050,68899.8,67600.05,68783,68372.55,68136.87,17924,1221285306,9257,4378,24.43,2017
229,MRF,EQ,03-May-17,68372.55,68563.1,69750,68455.2,68519.75,68639.9,69051.25,17264,1192100778,8770,4562,26.42,2017
230,MRF,EQ,04-May-17,68639.9,68944,69173.5,66501,66900,67022.55,67802.45,28669,1943828393,13370,7537,26.29,2017
231,MRF,EQ,05-May-17,67022.55,66861,68399,66500.05,68300,68135.95,67680.16,20751,1404431007,11342,3681,17.74,2017
232,MRF,EQ,08-May-17,68135.95,68499.9,68720,67450,67501.1,67634.1,68023.31,12208,830428568.1,5321,5494,45,2017
233,MRF,EQ,09-May-17,67634.1,68200,68200,66587.4,66625.05,66683.05,66918.26,16105,1077718543,8256,7675,47.66,2017
234,MRF,EQ,10-May-17,66683.05,66800.1,66999,65822.2,66066,65936.7,66316.95,17167,1138463043,8761,7343,42.77,2017
235,MRF,EQ,11-May-17,65936.7,66000,67371.8,65902.1,66030,66055.95,66434.02,15027,998304092,8064,6119,40.72,2017
236,MRF,EQ,12-May-17,66055.95,66105,66488,65300,65300,65455.15,65682.98,9995,656501385.1,5135,4014,40.16,2017
237,MRF,EQ,15-May-17,65455.15,65620,66081,65200.8,65700,65823.4,65731.76,10189,669740859.6,5384,3872,38,2017
238,MRF,EQ,16-May-17,65823.4,65990,66360,65500,65990,66093.35,65970.92,14100,930189902.7,9092,7083,50.23,2017
239,MRF,EQ,17-May-17,66093.35,66200,68270,65700,68170,68054.7,67426.08,28781,1940589887,15434,10735,37.3,2017
240,MRF,EQ,18-May-17,68054.7,67750,69188,66640.1,66856,66960.4,68054.14,21701,1476842941,11044,5378,24.78,2017
241,MRF,EQ,19-May-17,66960.4,67290,67699.9,64164.85,65951,65876.65,66169.46,15118,1000349962,9437,3116,20.61,2017
242,MRF,EQ,22-May-17,65876.65,66100.5,66799,64100,64180,64254.05,64973.41,13002,844784248.4,7031,3695,28.42,2017
243,MRF,EQ,23-May-17,64254.05,64480,64700,63000,63466.95,63976.15,63742.01,19116,1218492273,12042,5987,31.32,2017
244,MRF,EQ,24-May-17,63976.15,63900,63958.4,62400,62501,62519.7,62947.01,11106,699089527.9,6047,3233,29.11,2017
245,MRF,EQ,25-May-17,62519.7,62660,64200,62000,63900,63820,63051.67,20131,1269293198,11213,6650,33.03,2017
246,MRF,EQ,26-May-17,63820,64199.85,65689.95,63922.2,65350,65401.8,65060.48,15831,1029972439,9397,3809,24.06,2017
247,MRF,EQ,29-May-17,65401.8,65699,66370.05,64750,64800,64937.95,65328.42,10018,654460142,5737,1919,19.16,2017
248,MRF,EQ,30-May-17,64937.95,64938,65600,64561.25,65300.05,65398.1,65265.08,7921,516964733.3,3852,2581,32.58,2017
249,MRF,EQ,31-May-17,65398.1,65351.35,65881.95,65009,65620,65559.1,65532.38,6625,434152046.8,4028,1889,28.51,2017
250,MRF,EQ,01-Jun-17,65559.1,65619.5,68599,65619.5,68000,68217.3,67698.59,27596,1868210409,16590,7641,27.69,2017
251,MRF,EQ,02-Jun-17,68217.3,68450,68993.85,67500,67510.05,67715.95,68134.88,15738,1072306809,8152,4192,26.64,2017
252,MRF,EQ,05-Jun-17,67715.95,67910,68597.95,67900,68309.95,68334.25,68301.25,7478,510756723.5,4058,1905,25.47,2017
253,MRF,EQ,06-Jun-17,68334.25,68500,69240,67300,68600,68820.5,68336.23,15435,1054769697,8203,2696,17.47,2017
254,MRF,EQ,07-Jun-17,68820.5,68830.3,69347.25,68499,68970,68985.95,69010.33,10469,722469118.7,6067,2871,27.42,2017
255,MRF,EQ,08-Jun-17,68985.95,69000.1,71995,68700,71401.1,71129.65,70679.47,39075,2761800137,17653,13216,33.82,2017
256,MRF,EQ,09-Jun-17,71129.65,71404,73200,71251.1,72850,72901.25,72341.6,33946,2455708015,16663,9886,29.12,2017
257,MRF,EQ,12-Jun-17,72901.25,72901.25,74016.25,72245,73350,73331.6,73249.9,24677,1807587760,12506,6355,25.75,2017
258,MRF,EQ,13-Jun-17,73331.6,73401,74147.5,71555,71561,72369.3,73473.86,23590,1733248436,13027,6781,28.75,2017
259,MRF,EQ,14-Jun-17,72369.3,71980,71980,70880.05,71020,71102.15,71272.11,19049,1357662515,9868,5138,26.97,2017
260,MRF,EQ,15-Jun-17,71102.15,71235,73184.9,71198.9,73000,72847.45,72184.88,19573,1412874591,10553,7009,35.81,2017
261,MRF,EQ,16-Jun-17,72847.45,73148,73401,71707.5,71902,71978.1,72461.91,15153,1098015280,8558,4413,29.12,2017
262,MRF,EQ,19-Jun-17,71978.1,72499.9,72870,71560.2,71575.3,71760.2,71985.11,9973,717907512.8,5165,2586,25.93,2017
263,MRF,EQ,20-Jun-17,71760.2,71980,72800,71315.3,71750,71656.2,72137.93,11042,796547076.2,6486,2538,22.98,2017
264,MRF,EQ,21-Jun-17,71656.2,71850,72297.9,71324.55,71600,71709.1,71823.9,7666,550602036.4,4625,1507,19.66,2017
265,MRF,EQ,22-Jun-17,71709.1,72198.9,72495,70650.1,70841,70975.9,71730.37,10644,763498102.3,5800,3561,33.46,2017
266,MRF,EQ,23-Jun-17,70975.9,71500,71500,69596,69780.05,69935.8,70093.14,12316,863267119.8,6755,4267,34.65,2017
267,MRF,EQ,27-Jun-17,69935.8,69955,70400,68270,68301,68585.55,68896.82,10377,714942288.9,6059,2689,25.91,2017
268,MRF,EQ,28-Jun-17,68585.55,68585.55,69399,67801.5,69198,68915.8,68782.07,10368,713132535.2,6378,1860,17.94,2017
269,MRF,EQ,29-Jun-17,68915.8,69270,69846.75,68500,68575,68638.95,68990.65,15509,1069975969,7130,5533,35.68,2017
270,MRF,EQ,30-Jun-17,68638.95,68400,68750,67850.1,68458.5,68325.9,68246.95,10072,687383248.1,6411,3539,35.14,2017
271,MRF,EQ,03-Jul-17,68325.9,68458.5,71250,68201,71199,70859.5,69760.48,16735,1167441570,9160,4358,26.04,2017
272,MRF,EQ,04-Jul-17,70859.5,71260,71500,70029.7,70105,70350.3,70611.14,11002,776863773.7,6216,1442,13.11,2017
273,MRF,EQ,05-Jul-17,70350.3,70401,71120.35,70259.9,70601,70607.4,70771.83,8300,587406208.9,4305,1719,20.71,2017
274,MRF,EQ,06-Jul-17,70607.4,70984,71450,70005,70005.1,70270.65,70796.22,12201,863784690.5,7393,4211,34.51,2017
275,MRF,EQ,07-Jul-17,70270.65,70801.7,70801.7,69575,69839,69809.3,70241.61,10221,717939517.3,6597,3174,31.05,2017
276,MRF,EQ,10-Jul-17,69809.3,69900,70450,69403,69500,69600.25,69833.59,1539,107473889.1,832,565,36.71,2017
277,MRF,EQ,11-Jul-17,69600.25,69600,70079.85,68863.5,69200,69120.05,69495.02,9263,643732372,5746,3801,41.03,2017
278,MRF,EQ,12-Jul-17,69120.05,69201,70295,68800,70000,69976.6,69501.88,10291,715243857.5,5667,3192,31.02,2017
279,MRF,EQ,13-Jul-17,69976.6,70300,70399.95,69526,69765,69662.05,69885.15,6505,454602893,4234,1992,30.62,2017
280,MRF,EQ,14-Jul-17,69662.05,69999,70000,69150,69545,69516.25,69569.08,5398,375533912.7,3526,1642,30.42,2017
281,MRF,EQ,17-Jul-17,69516.25,69662,70274,69100,69911.05,70072.7,69674.36,8434,587633522.1,4062,3151,37.36,2017
282,MRF,EQ,18-Jul-17,70072.7,69400,70367.7,69400,69730,69930.45,69942.57,7118,497851207.4,3969,2344,32.93,2017
283,MRF,EQ,19-Jul-17,69930.45,69930.45,70769.95,69710,70230,70221.5,70178.5,16349,1147348328,8558,8062,49.31,2017
284,MRF,EQ,20-Jul-17,70221.5,70550,70550,69027,69099,69159.05,69591.28,7182,499804564.3,4025,3018,42.02,2017
285,MRF,EQ,21-Jul-17,69159.05,69375,69721,68700,68898,68878.45,69163.89,11184,773528911.1,6875,4673,41.78,2017
286,MRF,EQ,24-Jul-17,68878.45,69000,69340,68750,68750,68908.9,69025.28,6308,435411463.5,4141,2401,38.06,2017
287,MRF,EQ,25-Jul-17,68908.9,69377,70663.65,69050.05,70200,70334.3,70001.63,16387,1147116647,9005,5653,34.5,2017
288,MRF,EQ,26-Jul-17,70334.3,70388,70555.55,69808.25,69911,69989.85,70079.05,8637,605272759,5525,3825,44.29,2017
289,MRF,EQ,27-Jul-17,69989.85,70200,70300,68510,68660,68706.5,69383.95,8582,595453096.2,4850,3421,39.86,2017
290,MRF,EQ,28-Jul-17,68706.5,68660,69700,68501,69119,69119.7,69082.89,8239,569173911.2,5105,2917,35.4,2017
291,MRF,EQ,31-Jul-17,69119.7,69120.7,69974.8,69000,69082.35,69198.75,69457.27,8841,614071687.4,5137,3198,36.17,2017
292,MRF,EQ,01-Aug-17,69198.75,69567.05,69688.25,69001,69273.95,69393.1,69330.63,7528,521920976.7,4494,2963,39.36,2017
293,MRF,EQ,02-Aug-17,69393.1,69276.1,70999.8,69276.1,70511.1,70810.4,70443.67,17215,1212687695,8919,5009,29.1,2017
294,MRF,EQ,03-Aug-17,70810.4,70600,70909.95,68902.25,69139,69150.4,69896.95,14610,1021194426,7923,5850,40.04,2017
295,MRF,EQ,04-Aug-17,69150.4,68483.1,68500,65293.3,67200,66361.15,66998.54,47845,3205544926,23417,16870,35.26,2017
296,MRF,EQ,07-Aug-17,66361.15,67100,68182.3,66505.8,67799,67821.2,67654.34,23514,1590824224,12722,8316,35.37,2017
297,MRF,EQ,08-Aug-17,67821.2,67900,68500,66601,66750,66722.25,67045.92,11981,803277191.3,6520,3331,27.8,2017
298,MRF,EQ,09-Aug-17,66722.25,67000,67000,65501,65802,65946.95,65976.22,10520,694069840.3,6343,2556,24.3,2017
299,MRF,EQ,10-Aug-17,65946.95,65799,66365.7,63400,64350,64100.7,64999.89,14500,942498473.5,8519,3918,27.02,2017
300,MRF,EQ,11-Aug-17,64100.7,63250,65098.95,62382.05,63715,63922,63797.86,16985,1083606702,10778,5427,31.95,2017
301,MRF,EQ,14-Aug-17,63922,64400,64899.6,63601.1,63650,63770.65,64229.2,11840,760473750.1,6556,5339,45.09,2017
302,MRF,EQ,16-Aug-17,63770.65,64525,65987,63300,65920.5,65783,64780.73,15564,1008247299,9367,3752,24.11,2017
303,MRF,EQ,17-Aug-17,65783,66054,66395,64280,64666,64484.5,65295.37,11287,736988849.3,7322,3604,31.93,2017
304,MRF,EQ,18-Aug-17,64484.5,64470,64470,63501,63588.55,63684.15,63802.32,12643,806652674.9,7463,5689,45,2017
305,MRF,EQ,21-Aug-17,63684.15,63798.2,64770,63002,63130,63419.8,64048,8783,562533625.2,4807,2575,29.32,2017
306,MRF,EQ,22-Aug-17,63419.8,63050.1,63999.95,62432.05,62570,62555.7,62905.46,14404,906090200.7,8750,5955,41.34,2017
307,MRF,EQ,23-Aug-17,62555.7,62999,63494.9,62570,62700,62805.85,62903.42,12476,784783082.7,7178,5363,42.99,2017
308,MRF,EQ,24-Aug-17,62805.85,63248,63349.5,62611,63100,63049.7,63013.23,7876,496292200.3,3760,2784,35.35,2017
309,MRF,EQ,28-Aug-17,63049.7,63350,63400,62657.15,62895,62811.1,62976.23,7912,498267931.3,5478,3505,44.3,2017
310,MRF,EQ,29-Aug-17,62811.1,62949.9,63200,62400,62800,62907.95,62797.87,12683,796465347.2,7407,4938,38.93,2017
311,MRF,EQ,30-Aug-17,62907.95,63200,63299.95,62655.6,62800,62944.75,63057.01,5035,317492051.1,3216,2000,39.72,2017
312,MRF,EQ,31-Aug-17,62944.75,63179.9,64235.2,62850,64200,64089.6,63880.36,11820,755065853.8,5661,3682,31.15,2017
313,MRF,EQ,01-Sep-17,64089.6,64090,65499,64090,65199,65293.85,64816.9,9059,587176264,4700,1748,19.3,2017
314,MRF,EQ,04-Sep-17,65293.85,65290,65368.45,63950,64150,64240.15,64489.43,8632,556672724.4,4790,2006,23.24,2017
315,MRF,EQ,05-Sep-17,64240.15,64474.3,64999,64200,64630,64573.35,64646.49,6756,436751713.8,3357,1169,17.3,2017
316,MRF,EQ,06-Sep-17,64573.35,64260,65330,63709.2,64830,64990,64624.4,13562,876436172.2,7357,4682,34.52,2017
317,MRF,EQ,07-Sep-17,64990,65269.9,65350,64102,64370,64429.75,64842.58,5016,325250380.1,3102,1165,23.23,2017
318,MRF,EQ,08-Sep-17,64429.75,64505,64799.9,63671,63723,63816.85,64098.59,7529,482598294.6,3897,2749,36.51,2017
319,MRF,EQ,11-Sep-17,63816.85,64010,64799,64010,64655,64449.6,64348.76,8300,534094727.3,4341,3296,39.71,2017
320,MRF,EQ,12-Sep-17,64449.6,64899.9,65545.6,64650.1,65300,65270.8,65153.14,10388,676810848.3,5739,4003,38.53,2017
321,MRF,EQ,13-Sep-17,65270.8,65500,65650,64100,64425.2,64334.3,64831.35,8725,565653551.6,4557,3113,35.68,2017
322,MRF,EQ,14-Sep-17,64334.3,64430,64599.8,63690,63800,63840.35,64051.63,6532,418385242,4193,2385,36.51,2017
323,MRF,EQ,15-Sep-17,63840.35,63999.95,64750,63535.75,64600,64544.3,64256.77,12616,810663387.8,6163,5718,45.32,2017
324,MRF,EQ,18-Sep-17,64544.3,64698,65300,64648.15,64980,64916.05,64956.06,20041,1301784319,6497,12309,61.42,2017
325,MRF,EQ,19-Sep-17,64916.05,64648,65248,64003.05,64060,64087.1,64576.45,9349,603725224.1,4415,4860,51.98,2017
326,MRF,EQ,20-Sep-17,64087.1,65101,65650,63933.15,64000.5,64092.1,64779.33,15543,1006865159,6159,7161,46.07,2017
327,MRF,EQ,21-Sep-17,64092.1,64438,64447.8,63152.55,63311,63294.7,63609.1,8728,555180198.8,5559,3213,36.81,2017
328,MRF,EQ,22-Sep-17,63294.7,64000,64000,62650,62700,62938.15,63366.49,17031,1079194728,7649,8032,47.16,2017
329,MRF,EQ,25-Sep-17,62938.15,63100,63376.6,61251,63200,62721.85,62113.92,15442,959163170.6,8044,7261,47.02,2017
330,MRF,EQ,26-Sep-17,62721.85,62800,63000,62210.05,62500,62754.1,62621.31,11340,710125708.1,5411,5692,50.19,2017
331,MRF,EQ,27-Sep-17,62754.1,62720,62999,61501,61505,61746.6,62139.69,6870,426899699.2,4239,2864,41.69,2017
332,MRF,EQ,28-Sep-17,61746.6,61790,62200,61000,61901.15,61866.4,61839.94,15835,979235396.2,7017,8498,53.67,2017
333,MRF,EQ,29-Sep-17,61866.4,62051,63940,62051,63220,63005.3,63123.39,25187,1589888703,10277,13924,55.28,2017
334,MRF,EQ,03-Oct-17,63005.3,63480,64000,63160.6,63404.45,63404.4,63488.66,14576,925410640.6,3977,10271,70.47,2017
335,MRF,EQ,04-Oct-17,63404.4,63749,63786.5,62750,63123,63029.8,63148.96,9071,572824249.7,4773,4892,53.93,2017
336,MRF,EQ,05-Oct-17,63029.8,63298,63666,62883.8,63250,63141.5,63278.21,13683,865835697.2,4653,9660,70.6,2017
337,MRF,EQ,06-Oct-17,63141.5,63349.95,64620,63207.85,64351.5,64422.7,64031.05,10353,662913418.2,4807,3143,30.36,2017
338,MRF,EQ,09-Oct-17,64422.7,64550,65010.1,64195.4,64700,64835.5,64752.43,6744,436690369.2,3557,2304,34.16,2017
339,MRF,EQ,10-Oct-17,64835.5,65011,65300,64510.1,64695.8,64705.2,64904.05,4704,305308672,2526,1282,27.25,2017
340,MRF,EQ,11-Oct-17,64705.2,64949.9,64970,63269.65,63449,63437.4,64097.42,8383,537328668.6,4611,2912,34.74,2017
341,MRF,EQ,12-Oct-17,63437.4,64200,64200,63460,63884,63885.55,63786.7,5284,337048898.1,2595,1488,28.16,2017
342,MRF,EQ,13-Oct-17,63885.55,63800.15,64000,63500,63650,63670.25,63709.63,5189,330589277.9,2344,2361,45.5,2017
343,MRF,EQ,16-Oct-17,63670.25,63602,64049,63101,63600,63636.4,63599.13,7701,489776930.1,4294,3067,39.83,2017
344,MRF,EQ,17-Oct-17,63636.4,63700,64190,63328.05,63765,63777.05,63711.82,4423,281797396.9,2646,1187,26.84,2017
345,MRF,EQ,18-Oct-17,63777.05,63516.35,64000,63516.35,63850,63670.35,63732.04,3556,226631128.9,1904,1227,34.51,2017
346,MRF,EQ,19-Oct-17,63670.35,63670.35,63898.7,63207,63233.05,63522.5,63621.24,922,58658779.3,583,294,31.89,2017
347,MRF,EQ,23-Oct-17,63522.5,63250,63600,62409.8,63550,63490.6,63057.46,12588,793767266.3,6572,6143,48.8,2017
348,MRF,EQ,24-Oct-17,63490.6,63450,63574,62981.1,63116.1,63064.45,63178.12,7750,489630433,4278,3843,49.59,2017
349,MRF,EQ,25-Oct-17,63064.45,63315,63498.95,62910.5,63047,63089.15,63099.33,4021,253722410.6,2544,1620,40.29,2017
350,MRF,EQ,26-Oct-17,63089.15,63200,63500,62811.9,63330,63156.15,63118.11,5887,371576339.4,3265,2075,35.25,2017
351,MRF,EQ,27-Oct-17,63156.15,63300,64999,63210.7,64820,64771.1,64380.71,10783,694217242.5,5859,4423,41.02,2017
352,MRF,EQ,30-Oct-17,64771.1,65000,67343.9,65000,66700,66779.15,66473.04,15489,1029600913,8240,4334,27.98,2017
353,MRF,EQ,31-Oct-17,66779.15,66775,67221.95,65715.05,66500,66422.45,66443.26,7407,492145245.2,3996,1134,15.31,2017
354,MRF,EQ,01-Nov-17,66422.45,66789.9,66999,65851.95,66300,66002.5,66372.77,6273,416356392.7,3699,1921,30.62,2017
355,MRF,EQ,02-Nov-17,66002.5,66011.2,66719.85,65590.05,65700,65726.85,66128.39,4284,283294036.1,2479,1701,39.71,2017
356,MRF,EQ,03-Nov-17,65726.85,65726.85,66739.7,65726.85,66500,66483.4,66387.37,5375,356832110.6,3115,1557,28.97,2017
357,MRF,EQ,06-Nov-17,66483.4,66500,67800,65911,67600,67399.4,66753.07,9355,624474965.8,5336,2826,30.21,2017
358,MRF,EQ,07-Nov-17,67399.4,67650,67810,65521.5,65570,65712.6,66492.25,8918,592977910.1,4945,1969,22.08,2017
359,MRF,EQ,08-Nov-17,65712.6,65900,66341.65,65000,65200,65162.45,65487.92,5123,335494634.1,3222,834,16.28,2017
360,MRF,EQ,09-Nov-17,65162.45,65398.75,65800,64836,65000,64994.15,65222.85,4127,269174707,2436,1198,29.03,2017
361,MRF,EQ,10-Nov-17,64994.15,64995,67748.95,63614.05,67335,67359.05,65781.2,39944,2627564234,18496,10356,25.93,2017
362,MRF,EQ,13-Nov-17,67359.05,66812.2,69000,66800,68250,68320.9,68174.48,20028,1365398528,9344,5259,26.26,2017
363,MRF,EQ,14-Nov-17,68320.9,68624.9,68624.9,67428.05,67700,67643.45,67969.43,5488,373016252,3034,1327,24.18,2017
364,MRF,EQ,15-Nov-17,67643.45,68300,69655.2,67687.5,68481.05,68392.3,68805.57,18813,1294439190,9354,5196,27.62,2017
365,MRF,EQ,16-Nov-17,68392.3,68500,69955.95,68500,69849.05,69730.8,69298.8,12710,880787709.2,6365,3851,30.3,2017
366,MRF,EQ,17-Nov-17,69730.8,70000,70500,69195.6,69332.6,69437.35,70007.95,10991,769457424.7,6217,3032,27.59,2017
367,MRF,EQ,20-Nov-17,69437.35,69437.35,69869.85,68476.05,68700.05,68718.95,69038.56,4128,284991168.6,2679,952,23.06,2017
368,MRF,EQ,21-Nov-17,68718.95,68908,70160,68750.05,69700,69830.5,69784.61,12159,848511041.4,5097,5685,46.76,2017
369,MRF,EQ,22-Nov-17,69830.5,70000,70189,69268.35,69866.6,69692.85,69645.55,4610,321065990.8,2985,1059,22.97,2017
370,MRF,EQ,23-Nov-17,69692.85,69799.1,70200,69001,69449.9,69189.6,69575.3,9563,665348572.8,4583,3618,37.83,2017
371,MRF,EQ,24-Nov-17,69189.6,69499,69859.05,69261,69455,69405.45,69546.47,5505,382853334.4,2865,1795,32.61,2017
372,MRF,EQ,27-Nov-17,69405.45,69474.45,70450,69405,70108,70215.15,70021.37,10178,712677468.6,4341,4130,40.58,2017
373,MRF,EQ,28-Nov-17,70215.15,70130,70325,69480,69540,69597.35,69844.73,2739,191304725.2,1807,507,18.51,2017
374,MRF,EQ,29-Nov-17,69597.35,69540,69948.95,69200,69290,69275.15,69648.72,8735,608381546.4,2171,6184,70.8,2017
375,MRF,EQ,30-Nov-17,69275.15,69299,69359.95,68200.1,68809,68583.5,68705.72,7987,548752546.7,4089,3189,39.93,2017
376,MRF,EQ,01-Dec-17,68583.5,68601,69099.95,65724.25,66068.05,66169.15,67135.96,11678,784013729.4,6622,4741,40.6,2017
377,MRF,EQ,04-Dec-17,66169.15,66400,66841.9,65805,66450.05,66333.1,66330.01,5838,387234577.5,3545,1378,23.6,2017
378,MRF,EQ,05-Dec-17,66333.1,66336.6,67000,65705,66900,66842.75,66392.85,9024,599129102.9,5179,2606,28.88,2017
379,MRF,EQ,06-Dec-17,66842.75,66122,67222.15,66122,66550,66871.05,66770.55,5830,389272305,3194,1658,28.44,2017
380,MRF,EQ,07-Dec-17,66871.05,66990,67284.8,66647.7,66929.1,67063.25,67000.55,5214,349340870.6,2787,1734,33.26,2017
381,MRF,EQ,08-Dec-17,67063.25,67251,68337.9,66845.05,68329,68226.15,67888.22,7178,487301652,3972,1566,21.82,2017
382,MRF,EQ,11-Dec-17,68226.15,68500,69000,67678,67899.8,67863.45,68251.42,4898,334295479,2989,1176,24.01,2017
383,MRF,EQ,12-Dec-17,67863.45,68240,68240,66280,66500,66407.4,66970.4,6244,418163152.3,3935,2398,38.4,2017
384,MRF,EQ,13-Dec-17,66407.4,66774,67095,65890,66076.8,66072.6,66609.18,6460,430295315.6,3417,2145,33.2,2017
385,MRF,EQ,14-Dec-17,66072.6,66480,66670,65323.9,66000,65952.8,65797.49,5784,380572692.7,3623,1770,30.6,2017
386,MRF,EQ,15-Dec-17,65952.8,66500,68124.95,66335.65,67587.95,67703.6,67426.46,9214,621267369.8,5145,2038,22.12,2017
387,MRF,EQ,18-Dec-17,67703.6,67400,69350,65810,68930.1,69184.6,68560.13,14066,964366775.3,8078,5160,36.68,2017
388,MRF,EQ,19-Dec-17,69184.6,68940,69649,68650.2,69300,69389.7,69178.04,7912,547336674.3,4039,2080,26.29,2017
389,MRF,EQ,20-Dec-17,69389.7,69389.7,69900,68751,68900,68913.8,69299.89,5124,355092632.7,3038,1445,28.2,2017
390,MRF,EQ,21-Dec-17,68913.8,69000,71050,68551,70690.9,70860.55,70155.61,12046,845094479,6362,3592,29.82,2017
391,MRF,EQ,22-Dec-17,70860.55,70927,73089,70898.75,72865,72817.8,72390.74,29133,2108959464,14093,11956,41.04,2017
392,MRF,EQ,26-Dec-17,72817.8,72600,74500,72160.05,73750,74062,73628.28,17525,1290335692,9004,2878,16.42,2017
393,MRF,EQ,27-Dec-17,74062,74280,74394,72693.1,73000,73080.05,73465.52,14788,1086408094,7076,4624,31.27,2017
394,MRF,EQ,28-Dec-17,73080.05,73490,73899,72492.2,73301,73497.95,73315.6,10193,747305921.9,5284,2726,26.74,2017
395,MRF,EQ,29-Dec-17,73497.95,73499,73950,72101.1,72325,72357.05,72978.57,10899,795393488.7,6404,3738,34.3,2017
396,MRF,EQ,01-Jan-18,72357.05,72572,73200,71900,72305,72402.85,72502.68,7348,532749675.4,4173,1476,20.09,2018
397,MRF,EQ,02-Jan-18,72402.85,72305,72899.7,71059.1,71160,71246.1,71574.59,7345,525715359.4,4586,1731,23.57,2018
398,MRF,EQ,03-Jan-18,71246.1,71680,71899.9,71000,71045.35,71173.35,71337.07,9083,647954642.2,5193,2797,30.79,2018
399,MRF,EQ,04-Jan-18,71173.35,71499,71644.85,70851.2,71160.05,71219.85,71248.77,4477,318980738.4,2633,1081,24.15,2018
400,MRF,EQ,05-Jan-18,71219.85,71390,73000,71300,72900,72905.9,72537.21,9189,666544430.9,5348,2297,25,2018
401,MRF,EQ,08-Jan-18,72905.9,72900,73570,72286.95,72600,72610.5,73014.75,6757,493360646.3,3788,1505,22.27,2018
402,MRF,EQ,09-Jan-18,72610.5,72965,73270,72020,73040,73025.05,72724.26,5587,406310467.1,3454,657,11.76,2018
403,MRF,EQ,10-Jan-18,73025.05,73040,73112.35,72100,72450,72481.5,72549.25,9006,653378581.9,2716,5414,60.12,2018
404,MRF,EQ,11-Jan-18,72481.5,72700,72700,71950.05,72200,72311.95,72288.97,4998,361300283.5,2786,1818,36.37,2018
405,MRF,EQ,12-Jan-18,72311.95,72310,73100,71814.1,72000,71970.95,72184.2,11548,833583124.6,4248,4284,37.1,2018
406,MRF,EQ,15-Jan-18,71970.95,71970.95,72499.95,71350,71350.2,71534,71865.18,6503,467339253.2,3048,3394,52.19,2018
407,MRF,EQ,16-Jan-18,71534,71401,71900.5,69889.6,70378,70284.55,70685.13,7410,523776794.7,4183,2542,34.3,2018
408,MRF,EQ,17-Jan-18,70284.55,70480,70751.65,69731.65,70370,70420.8,70356.11,4005,281776204.8,2494,773,19.3,2018
409,MRF,EQ,18-Jan-18,70420.8,70800,70848.95,68601.45,68850,68804.45,69498.42,7680,533747851.3,4419,2852,37.14,2018
410,MRF,EQ,19-Jan-18,68804.45,69100,69399.9,68500,69000,69156,69002.16,7715,532351627.2,3450,2995,38.82,2018
411,MRF,EQ,22-Jan-18,69156,69156,69878.3,68875,69504,69677.3,69454.7,3327,231075776.5,1929,1212,36.43,2018
412,MRF,EQ,23-Jan-18,69677.3,69600,70456,69531.8,70000,69930.7,70010.87,6857,480064551.2,4329,2806,40.92,2018
413,MRF,EQ,24-Jan-18,69930.7,69700,70171.45,68700,68750,68894.5,69207.48,6431,445073300.9,3736,2610,40.58,2018
414,MRF,EQ,25-Jan-18,68894.5,69050,69439.95,67055.55,67240.1,67543.65,68242.98,7157,488415029.5,4175,2800,39.12,2018
415,MRF,EQ,29-Jan-18,67543.65,67165,68447.6,66750,67000,66906.75,67429.04,7203,485691404.7,4705,2668,37.04,2018
416,MRF,EQ,30-Jan-18,66906.75,67300,68446,67010,68010,68261.55,67829.75,6008,407521109.5,3397,1827,30.41,2018
417,MRF,EQ,31-Jan-18,68261.55,68395,68798.75,67215.75,68100,68113.35,68042.85,8102,551283145.5,4930,3074,37.94,2018
418,MRF,EQ,01-Feb-18,68113.35,68115,72750,67200,71776.9,71776.65,70842.6,29028,2056418972,15025,7437,25.62,2018
419,MRF,EQ,02-Feb-18,71776.65,71400,71654.85,68050,69100,69259.4,69814.23,19860,1386510705,10399,5698,28.69,2018
420,MRF,EQ,05-Feb-18,69259.4,68016.25,69350,67658.5,68700,68615.1,68653.05,12193,837086601.4,5688,5027,41.23,2018
421,MRF,EQ,06-Feb-18,68615.1,64000,68950,64000,68900,68528.45,67038.03,21197,1421005211,10848,7460,35.19,2018
422,MRF,EQ,07-Feb-18,68528.45,68899.95,69499.95,68250.05,68300,68827.45,68922.75,9654,665380242.2,5847,2301,23.83,2018
423,MRF,EQ,08-Feb-18,68827.45,69001,70763.55,68800,70400,70171.05,69981.34,12304,861050374.3,5816,4474,36.36,2018
424,MRF,EQ,09-Feb-18,70171.05,69100.1,70377,68752.25,69870.5,70013.8,69834.67,4799,335136561.5,3275,648,13.5,2018
425,MRF,EQ,12-Feb-18,70013.8,70011,71840,70011,71599,71640.9,71357.74,7298,520768789.2,4227,1793,24.57,2018
426,MRF,EQ,14-Feb-18,71640.9,71720,72606.1,71650,71900,72329.2,72217.2,10260,740948470.2,4148,4959,48.33,2018
427,MRF,EQ,15-Feb-18,72329.2,72329,72780.6,71740.8,72100,72156.25,72311.98,7756,560851719.9,3834,2289,29.51,2018
428,MRF,EQ,16-Feb-18,72156.25,72357,72517,70601.6,71200.45,71162.55,71393.5,5347,381741040.7,2770,1146,21.43,2018
429,MRF,EQ,19-Feb-18,71162.55,71555,71698,70200,70460,70624,70674.2,3821,270046114.4,2122,976,25.54,2018
430,MRF,EQ,20-Feb-18,70624,70635.1,71100,70430,70850,70825.5,70761.07,3989,282265913.3,1974,901,22.59,2018
431,MRF,EQ,21-Feb-18,70825.5,70855,71999,70702.95,71700,71787.05,71329.31,5414,386176874,2534,2399,44.31,2018
432,MRF,EQ,22-Feb-18,71787.05,71500,71500,69599,69797.95,70107.8,70525.66,4823,340145239.9,2383,1901,39.42,2018
433,MRF,EQ,23-Feb-18,70107.8,70139.95,72800,70139.95,72799,72473.4,71603.07,7984,571678908.2,4450,3381,42.35,2018
434,MRF,EQ,26-Feb-18,72473.4,72550,72980.5,72400,72670,72690.8,72631.37,4426,321466457.9,2243,1598,36.1,2018
435,MRF,EQ,27-Feb-18,72690.8,72670,73149,71660.9,73000,72665.8,72229.49,9668,698314738.8,3643,5852,60.53,2018
436,MRF,EQ,28-Feb-18,72665.8,72599.95,73840,72000,73498,73391.6,73236.24,11901,871584508.9,6024,3978,33.43,2018
437,MRF,EQ,01-Mar-18,73391.6,73391.6,74100,72520,72520,72683.65,73274.5,5016,367544885.5,2973,1075,21.43,2018
438,MRF,EQ,05-Mar-18,72683.65,72683,73566.6,72000,72201.05,72324.65,72602.03,8937,648844340.5,4059,3366,37.66,2018
439,MRF,EQ,06-Mar-18,72324.65,73000,73000,71310,71438.95,71475.85,72120,5388,388582542.5,3255,1533,28.45,2018
440,MRF,EQ,07-Mar-18,71475.85,71440,71899.1,70020.65,70231,70249.2,70833.99,6459,457516753.3,3356,1794,27.78,2018
441,MRF,EQ,08-Mar-18,70249.2,70500,70811.65,69800,70247,70204.4,70115.93,7016,491933397,4242,2457,35.02,2018
442,MRF,EQ,09-Mar-18,70204.4,70759,71379.5,70111.15,70706.9,70781.65,70731.11,5005,354009225.4,3049,1149,22.96,2018
443,MRF,EQ,12-Mar-18,70781.65,70950,71332.95,70799.95,70814.8,71094.2,71100.59,3757,267124916.9,1490,1741,46.34,2018
444,MRF,EQ,13-Mar-18,71094.2,70815,72100,70815,71609,71717.3,71712.04,4148,297461556.6,2277,1175,28.33,2018
445,MRF,EQ,14-Mar-18,71717.3,71160,71845.2,71000,71500,71281.65,71324.37,4663,332585532.7,2062,2000,42.89,2018
446,MRF,EQ,15-Mar-18,71281.65,71225,71945.85,71086.4,71670,71737.95,71545.4,3803,272087168,2155,1649,43.36,2018
447,MRF,EQ,16-Mar-18,71737.95,71670,71670,70000,70257.7,70211.65,70670.83,4914,347276463.3,2849,2143,43.61,2018
448,MRF,EQ,19-Mar-18,70211.65,70500,70895.6,69699.9,69950,70074.85,70061.3,3928,275200781.3,2195,1085,27.62,2018
449,MRF,EQ,20-Mar-18,70074.85,69950,70111.7,69455.65,69718,69593.05,69758.56,2849,198742142.2,1728,904,31.73,2018
450,MRF,EQ,21-Mar-18,69593.05,69999.95,70200,69725,70000,69966.45,69983.78,4761,333192775.3,2347,2591,54.42,2018
451,MRF,EQ,22-Mar-18,69966.45,70000,70220,69257.5,69550,69489.3,69789.98,3754,261991571.5,2096,1704,45.39,2018
452,MRF,EQ,23-Mar-18,69489.3,68170,69486,68170,69096.65,69236.9,69070.03,4854,335265935.4,2821,2027,41.76,2018
453,MRF,EQ,26-Mar-18,69236.9,69237,70399,68800,70100,69961.75,69474.23,7329,509176612.8,3741,3976,54.25,2018
454,MRF,EQ,27-Mar-18,69961.75,70201.5,72887.95,70201.5,72650,72656.05,71858.07,9594,689406298.5,5035,3978,41.46,2018
455,MRF,EQ,28-Mar-18,72656.05,72001.25,73649.95,71610.45,72345,72513.25,72750.51,14061,1022944931,8282,5533,39.35,2018
456,MRF,EQ,02-Apr-18,72513.25,72700,73333,72542.35,73299,73122.45,73073.31,3468,253418244.9,2255,1081,31.17,2018
457,MRF,EQ,03-Apr-18,73122.45,72975,75799,72800,75350,75502.4,75245.14,21139,1590607089,9421,6901,32.65,2018
458,MRF,EQ,04-Apr-18,75502.4,75350,76034,73745.95,74799,74734.2,74950.02,11549,865597816.2,6300,2826,24.47,2018
459,MRF,EQ,05-Apr-18,74734.2,75501,77199,75500.1,76967,77012.55,76790.71,16500,1267046711,9988,5341,32.37,2018
460,MRF,EQ,06-Apr-18,77012.55,76901,77270,76218.25,77200,77137.25,76876.46,7307,561736277.2,4365,1187,16.24,2018
461,MRF,EQ,09-Apr-18,77137.25,77137,77400,76700,77310,77243.9,77105.12,6579,507274561.5,3693,1635,24.85,2018
462,MRF,EQ,10-Apr-18,77243.9,77243.9,77300,76501,76700.7,76831.1,76908.53,3552,273179088.2,2146,724,20.38,2018
463,MRF,EQ,11-Apr-18,76831.1,77000,77000,76135.15,76412.35,76467.6,76514.14,3136,239948357,1971,392,12.5,2018
464,MRF,EQ,12-Apr-18,76467.6,76499,78363.3,76150,77800,77613.7,77665.43,11854,920645955.3,5863,3596,30.34,2018
465,MRF,EQ,13-Apr-18,77613.7,77800,78540,77600,78389,78091.35,78109.88,10905,851788254.7,5655,4488,41.16,2018
466,MRF,EQ,16-Apr-18,78091.35,77506,78590,77506,78177,78370.5,78195.93,4416,345313205,2873,490,11.1,2018
467,MRF,EQ,17-Apr-18,78370.5,78299,80102,78180.85,79693.65,79771.65,79479.18,11498,913851667.9,6789,3279,28.52,2018
468,MRF,EQ,18-Apr-18,79771.65,79999,80100,78950,79398.95,79069.85,79486.61,5399,429148218.4,3202,1310,24.26,2018
469,MRF,EQ,19-Apr-18,79069.85,79499,79899,79090,79390,79320,79453.3,5829,463133312,2451,1414,24.26,2018
470,MRF,EQ,20-Apr-18,79320,79390,79479.85,78000,78247,78110.1,78246.25,6038,472450860.1,4261,2678,44.35,2018
471,MRF,EQ,23-Apr-18,78110.1,78300,78742.7,77600,77800,77961.45,78178.79,4238,331321731.8,2126,1125,26.55,2018
472,MRF,EQ,24-Apr-18,77961.45,77600,79060,77600,77818.45,77948.4,78358.07,3784,296506941.6,2221,1079,28.51,2018
473,MRF,EQ,25-Apr-18,77948.4,78110,78300,76900,76900,77496.4,77820.43,4176,324978121.6,1865,2035,48.73,2018
474,MRF,EQ,26-Apr-18,77496.4,77551,77598,76225.05,76500,76509.15,76609.79,8038,615789508.5,4146,4640,57.73,2018
475,MRF,EQ,27-Apr-18,76509.15,77179,80570,76901.1,80398,80413.25,79545.76,19559,1555835442,9869,8402,42.96,2018
476,MRF,EQ,30-Apr-18,80413.25,80416,81425.95,79720,79820,79933.45,80426.8,7899,635291302.9,3771,2787,35.28,2018
477,MRF,EQ,02-May-18,79933.45,79900,81400,79430.9,79550,79610.8,80296.02,7999,642287860.6,4684,2007,25.09,2018
478,MRF,EQ,03-May-18,79610.8,79729,80133.35,76700,77200,77028.15,78363.84,33135,2596585809,16232,7176,21.66,2018
479,MRF,EQ,04-May-18,77028.15,77880,77898.95,75595.85,75699.95,75721.5,76303.28,8851,675360358.6,5035,2720,30.73,2018
480,MRF,EQ,07-May-18,75721.5,76000,76695.9,75610.2,76150,76115.05,76158.16,5681,432654489.2,3324,1711,30.12,2018
481,MRF,EQ,08-May-18,76115.05,76406.9,76406.9,75600,75700,75746.75,75909.31,4047,307204957.8,2191,1864,46.06,2018
482,MRF,EQ,09-May-18,75746.75,75525,76599,75210,76020,76019.8,75990.03,12724,966897165.5,4118,8824,69.35,2018
483,MRF,EQ,10-May-18,76019.8,76540,76540,74750,74780,74881.45,75351.89,8010,603568667,5222,4365,54.49,2018
484,MRF,EQ,11-May-18,74881.45,75300,75400,74300,74698,74675.5,74748.01,20861,1559318294,3760,2847,13.65,2018
485,MRF,EQ,14-May-18,74675.5,74750,75152.7,74515.45,74950,74737.35,74842.18,3327,248999946.9,1524,1356,40.76,2018
486,MRF,EQ,15-May-18,74737.35,74850,75599,74341.65,74500,74604.95,74814.95,4574,342203602,2830,1529,33.43,2018
487,MRF,EQ,16-May-18,74604.95,74500,75098.85,73978.05,74760.9,74873.4,74807.18,7566,565991087.1,4561,3916,51.76,2018
488,MRF,EQ,17-May-18,74873.4,74803.4,75276.95,74400,74569.85,74559.95,74692.62,4063,303476132.7,2427,1616,39.77,2018
489,MRF,EQ,18-May-18,74559.95,74555,75509,73925.1,74200,74206.2,74517.58,5414,403438173.9,3411,2644,48.84,2018
490,MRF,EQ,21-May-18,74206.2,74399.95,74449.2,72863.55,73299,73102.1,73348.59,4517,331315567.1,2682,1552,34.36,2018
491,MRF,EQ,22-May-18,73102.1,73200,74299.95,72701,73854,73873.45,73630.42,3535,260283522.4,2183,929,26.28,2018
492,MRF,EQ,23-May-18,73873.45,73755.15,74500,73588.8,74256,74140.5,74146.77,4850,359611850.5,2487,2621,54.04,2018
493,MRF,EQ,24-May-18,74140.5,74140.5,74511.3,73156.15,73699,73600.7,73809.44,3405,251321127,2072,1080,31.72,2018
494,MRF,EQ,25-May-18,73600.7,73750,74555,73652.05,73800,73866.4,73977.02,4540,335855667.8,1964,2472,54.45,2018
495,MRF,EQ,28-May-18,73866.4,74100,76497.45,74100,76159.95,76062.35,75806.32,5926,449228242.4,3450,1236,20.86,2018
496,MRF,EQ,29-May-18,76062.35,76001,77429,75250,76899,76392.25,76447.66,5286,404102351.1,3469,862,16.31,2018
497,MRF,EQ,30-May-18,76392.25,76321,77423,75455.35,77000,77087.6,76647.29,4958,380017250.9,3293,1455,29.35,2018
